{
  "epoch": 10,
  "learning_rate": 0.045125,
  "loss": 0.0607699453830719,
  "U_shape": [
    294857,
    64
  ],
  "V_shape": [
    1423,
    64
  ]
}