{
  "epoch": 50,
  "learning_rate": 0.02993684696191893,
  "loss": 0.0034598056226968765,
  "U_shape": [
    294857,
    64
  ],
  "V_shape": [
    1423,
    64
  ]
}