{
  "epoch": 25,
  "learning_rate": 0.038689046874999994,
  "loss": 0.008961817249655724,
  "U_shape": [
    294857,
    64
  ],
  "V_shape": [
    1423,
    64
  ]
}