{
  "epoch": 40,
  "learning_rate": 0.03317102156445311,
  "loss": 0.004434948321431875,
  "U_shape": [
    294857,
    64
  ],
  "V_shape": [
    1423,
    64
  ]
}