{
  "epoch": 20,
  "learning_rate": 0.04072531249999999,
  "loss": 0.01354645099490881,
  "U_shape": [
    294857,
    64
  ],
  "V_shape": [
    1423,
    64
  ]
}