{
  "epoch": 35,
  "learning_rate": 0.03491686480468749,
  "loss": 0.005303855054080486,
  "U_shape": [
    294857,
    64
  ],
  "V_shape": [
    1423,
    64
  ]
}