{
  "epoch": 45,
  "learning_rate": 0.03151247048623045,
  "loss": 0.003889087587594986,
  "U_shape": [
    294857,
    64
  ],
  "V_shape": [
    1423,
    64
  ]
}