{
  "epoch": 30,
  "learning_rate": 0.03675459453124999,
  "loss": 0.006609983742237091,
  "U_shape": [
    294857,
    64
  ],
  "V_shape": [
    1423,
    64
  ]
}