{
  "epoch": 15,
  "learning_rate": 0.04286875,
  "loss": 0.024927999824285507,
  "U_shape": [
    294857,
    64
  ],
  "V_shape": [
    1423,
    64
  ]
}